,Unnamed: 0,Метка часу,Где вы учитесь?,В каком вы классе?,Какие предметы вы планируете сдавать?,На какой балл по экзу ты реально рассчитываешь?,Когда ты впервые задумался о том чтобы пойти на курсы/взять репета?,Когда ты по итогу записался на курсы / взял репета?,По каким предметам ты взял репета?
0,0,16.01.2026 21:19:33,Лицей БГУ,11.0,"Математика, Беларусский",90+,Первая половина 11го класса,Вторая половина 11го класса,
1,1,16.01.2026 21:31:53,Лицей БГУ,11.0,"Беларусский, Иностранный язык, Обществоведение",70-80,Я считаю что сдам своими силами,Интенсив,"Иностранный язык, Белорусский"
2,2,16.01.2026 21:32:25,Лицей БГУ,10.0,"Математика, Беларусский, Иностранный язык, Обществоведение",80-90,Первая половина 10го класса,Первая половина 11го класса,
3,3,16.01.2026 21:32:48,Лицей БГУ,11.0,"Математика, Физика",90+,Я считаю что сдам своими силами,Интенсив,
4,4,16.01.2026 21:33:08,Лицей БГУ,10.0,"Математика, Русский, Обществоведение",90+,Я считаю что сдам своими силами,Интенсив,
5,5,16.01.2026 21:34:19,Лицей БГУ,11.0,"Математика, Беларусский",80-90,Я считаю что сдам своими силами,,
6,6,16.01.2026 21:35:00,Лицей БГУ,11.0,"Математика, Физика, Беларусский",80-90,Я считаю что сдам своими силами,Интенсив,
7,7,16.01.2026 21:35:03,Лицей БГУ,10.0,"Математика, Физика",90+,Первая половина 10го класса,Первая половина 10го класса,"Физика, Математика"
8,8,16.01.2026 21:35:33,Лицей БГУ,11.0,"Математика, Физика, Беларусский",90+,Вторая половина 11го класса,Первая половина 11го класса,
9,9,16.01.2026 21:36:23,Лицей БГУ,11.0,Русский,До 70,Я считаю что сдам своими силами,Интенсив,
10,10,16.01.2026 21:36:50,Лицей БГУ,11.0,"Русский, Биология, Химия",90+,Первая половина 11го класса,Вторая половина 11го класса,"Биология, Русский"
11,11,16.01.2026 21:40:52,Лицей БГУ,11.0,"Математика, Физика, Русский",90+,Вторая половина 10го класса,Первая половина 11го класса,Русский
12,12,16.01.2026 21:42:11,Лицей БГУ,11.0,"Иностранный язык, Обществоведение",90+,Первая половина 10го класса,Первая половина 11го класса,Иностранный язык
13,13,16.01.2026 21:42:58,Лицей БГУ,10.0,"Беларусский, Иностранный язык, Обществоведение",90+,Первая половина 10го класса,Вторая половина 10го класса,Иностранный язык
14,14,16.01.2026 21:44:00,Лицей БГУ,11.0,"Русский, Иностранный язык, Обществоведение",90+,Первая половина 11го класса,Первая половина 11го класса,"Иностранный язык, Русский, Обществоведение"
15,15,16.01.2026 21:44:50,Лицей БГУ,10.0,"Математика, Иностранный язык",90+,Я считаю что сдам своими силами,,
16,16,16.01.2026 21:47:25,Школа,10.0,"Математика, Физика, Русский",90+,Первая половина 10го класса,,Русский
17,17,16.01.2026 21:51:21,Лицей БГУ,11.0,"Иностранный язык, Обществоведение",90+,Первая половина 11го класса,Интенсив,
18,18,16.01.2026 21:51:29,Лицей БГУ,11.0,"Математика, Физика, Беларусский",80-90,Вторая половина 10го класса,Первая половина 11го класса,"Физика, Белорусский"
19,19,16.01.2026 21:52:59,Школа,10.0,"Математика, Русский",80-90,Первая половина 10го класса,Первая половина 10го класса,Русский
20,20,16.01.2026 21:53:19,Лицей БГУ,11.0,"Русский, Обществоведение, География",90+,Первая половина 11го класса,Первая половина 11го класса,Русский
21,21,16.01.2026 22:01:06,Лицей БГУ,10.0,"Математика, Русский, Иностранный язык",80-90,Первая половина 10го класса,Первая половина 11го класса,"Математика, Русский, Иностранный язык"
22,22,16.01.2026 22:02:39,Лицей БГУ,11.0,"Математика, Беларусский",90+,Я считаю что сдам своими силами,,
23,23,16.01.2026 22:03:54,Лицей БГУ,11.0,"Математика, Русский, Иностранный язык",90+,Вторая половина 10го класса,Вторая половина 10го класса,"Русский, Иностранный язык"
24,24,16.01.2026 22:08:56,Лицей БГУ,11.0,"Русский, Биология, Химия",90+,Первая половина 11го класса,Первая половина 11го класса,"Биология, Химия"
25,25,16.01.2026 22:09:19,Лицей БГУ,11.0,"Математика, Физика, Русский",80-90,Вторая половина 10го класса,Первая половина 11го класса,Русский
26,26,16.01.2026 22:09:52,Лицей БГУ,10.0,"Русский, Биология, История",90+,Я считаю что сдам своими силами,Интенсив,Биология
27,27,16.01.2026 22:13:57,Лицей БГУ,10.0,"Русский, Иностранный язык, Обществоведение",90+,Я считаю что сдам своими силами,Интенсив,
28,28,16.01.2026 22:16:05,Лицей БГУ,11.0,"Математика, Физика",90+,Я считаю что сдам своими силами,,
29,29,16.01.2026 22:18:04,Лицей БГУ,10.0,"Иностранный язык, Обществоведение, История",90+,Я считаю что сдам своими силами,,
30,30,16.01.2026 22:18:50,Лицей БГУ,11.0,"Математика, Беларусский, Иностранный язык",80-90,Вторая половина 11го класса,Интенсив,
31,31,16.01.2026 22:19:04,Лицей БГУ,11.0,"Математика, Физика, Русский",90+,Я считаю что сдам своими силами,Интенсив,
32,32,16.01.2026 22:19:46,Лицей БГУ,11.0,"Математика, Русский, Иностранный язык, Обществоведение",90+,Первая половина 11го класса,Первая половина 11го класса,Математика
33,33,16.01.2026 22:26:01,Лицей БГУ,11.0,"Русский, Биология, Химия",80-90,Вторая половина 10го класса,Первая половина 11го класса,"Химия, Биология, Русский"
34,34,16.01.2026 22:26:19,Лицей БГУ,11.0,"Математика, Физика, Беларусский",80-90,Я считаю что сдам своими силами,,
35,35,16.01.2026 22:26:46,Лицей БГУ,11.0,"Русский, Биология, Химия",90+,Вторая половина 11го класса,Вторая половина 11го класса,Химия
36,36,16.01.2026 22:28:42,Лицей БГУ,11.0,"Математика, Физика, Беларусский",90+,Первая половина 11го класса,Первая половина 11го класса,Белорусский
37,37,16.01.2026 22:28:59,Школа,11.0,"Русский, Иностранный язык, История",80-90,Вторая половина 10го класса,Первая половина 11го класса,"История, Иностранный язык"
38,38,16.01.2026 22:29:20,Лицей БГУ,11.0,"Математика, Беларусский, Иностранный язык",80-90,Я считаю что сдам своими силами,,
39,39,16.01.2026 22:35:43,Школа,11.0,"Математика, Физика, Русский",90+,Первая половина 10го класса,Первая половина 11го класса,Русский
40,40,16.01.2026 22:35:52,Лицей БГУ,11.0,"Русский, Биология, Химия",90+,Вторая половина 10го класса,Первая половина 11го класса,"Биология, Русский"
41,41,16.01.2026 22:36:04,Школа,11.0,"Русский, Биология, Химия",90+,Первая половина 10го класса,Первая половина 10го класса,
42,42,16.01.2026 22:36:12,Лицей БГУ,11.0,"Беларусский, Биология, Химия",90+,Я считаю что сдам своими силами,Интенсив,
43,43,16.01.2026 22:36:15,Школа,11.0,"Математика, Физика",90+,Первая половина 11го класса,Первая половина 11го класса,Физика
44,44,16.01.2026 22:37:47,Лицей БГУ,11.0,"Математика, Физика, Русский",90+,Я считаю что сдам своими силами,,
45,45,16.01.2026 22:37:49,Школа,11.0,"Математика, Физика, Русский",80-90,Первая половина 10го класса,Первая половина 10го класса,"Математика, Физика"
46,46,16.01.2026 22:38:55,Школа,11.0,"Математика, Физика, Русский",90+,Я считаю что сдам своими силами,,
47,47,16.01.2026 22:39:49,Школа,11.0,"Математика, Физика, Русский",90+,Вторая половина 10го класса,Первая половина 11го класса,"Математика, Физика, Русский"
48,48,16.01.2026 22:40:22,Школа,11.0,"Математика, Физика, Русский",90+,Первая половина 11го класса,Первая половина 11го класса,Физика
49,49,16.01.2026 22:40:37,Школа,11.0,"Математика, Физика, Русский",80-90,Первая половина 10го класса,Первая половина 10го класса,"Математика, Физика, Русский"
50,50,16.01.2026 22:41:57,Лицей БГУ,11.0,"Математика, Физика, Русский",90+,Я считаю что сдам своими силами,Интенсив,
51,51,16.01.2026 22:45:44,Школа,11.0,"Математика, Физика, Русский",90+,Первая половина 11го класса,Первая половина 11го класса,Русский
52,52,16.01.2026 22:46:06,Лицей БГУ,11.0,"Математика, Беларусский, Иностранный язык",90+,Первая половина 11го класса,Вторая половина 11го класса,Белорусский
53,53,16.01.2026 22:48:00,Школа,11.0,"Математика, Физика, Русский",90+,Первая половина 10го класса,Вторая половина 10го класса,"Физика, Математика, Русский"
54,54,16.01.2026 22:49:17,Лицей БГУ,11.0,"Русский, Биология, Химия",90+,Первая половина 11го класса,Вторая половина 11го класса,"Биология, Химия, Русский"
55,55,16.01.2026 22:54:44,Школа,11.0,"Математика, Физика, Русский",90+,Первая половина 10го класса,Вторая половина 10го класса,"Математика, Физика"
56,56,16.01.2026 22:54:55,Лицей БГУ,11.0,"Русский, Биология",80-90,Я считаю что сдам своими силами,Интенсив,
57,57,16.01.2026 22:55:42,Лицей БГУ,11.0,"Русский, Иностранный язык, Обществоведение",90+,Первая половина 11го класса,Первая половина 11го класса,Обществоведение
58,58,16.01.2026 22:56:56,Школа,11.0,"Математика, Беларусский, Иностранный язык",90+,Первая половина 11го класса,Первая половина 10го класса,"Иностранный язык, Белорусский"
59,59,16.01.2026 22:58:29,Школа,11.0,"Математика, Физика, Русский",90+,Вторая половина 10го класса,Первая половина 11го класса,"Русский, Физика"
60,60,16.01.2026 23:01:03,Лицей БГУ,11.0,"Русский, Иностранный язык, Обществоведение",90+,Я считаю что сдам своими силами,,
61,61,16.01.2026 23:03:22,Школа,11.0,"Математика, Физика, Русский",90+,Первая половина 11го класса,Первая половина 11го класса,
62,62,16.01.2026 23:04:49,Школа,11.0,"Математика, Физика, Русский",90+,Первая половина 10го класса,Первая половина 10го класса,"Русский, Физика"
63,63,16.01.2026 23:05:25,Школа,11.0,"Математика, Физика, Русский",90+,Я считаю что сдам своими силами,Интенсив,
64,64,16.01.2026 23:05:31,Лицей БГУ,11.0,"Математика, Русский, Иностранный язык",90+,Вторая половина 10го класса,Интенсив,
65,65,16.01.2026 23:08:00,Школа,11.0,"Математика, Физика, Русский",90+,Вторая половина 10го класса,Вторая половина 10го класса,"Физика, Русский"
66,66,16.01.2026 23:14:30,Лицей БГУ,11.0,"Беларусский, Биология, Химия",90+,Первая половина 10го класса,Первая половина 10го класса,"Биология, Белорусский"
67,67,16.01.2026 23:17:05,Лицей БГУ,11.0,"Математика, Физика, Русский",90+,Первая половина 10го класса,Первая половина 11го класса,"Физика, Математика, Русский"
68,68,16.01.2026 23:28:02,Лицей БГУ,11.0,"Беларусский, Обществоведение, История",80-90,Первая половина 11го класса,Первая половина 11го класса,История
69,69,16.01.2026 23:28:56,Школа,11.0,"Математика, Физика, Русский",70-80,Первая половина 10го класса,Первая половина 10го класса,"Физика, Математика, Русский"
70,70,16.01.2026 23:31:39,Лицей БГУ,11.0,"Математика, Русский, Иностранный язык",90+,Вторая половина 10го класса,Вторая половина 10го класса,"Математика, Русский, Иностранный язык"
71,71,16.01.2026 23:31:46,Школа,11.0,"Математика, Физика, Русский",90+,Первая половина 10го класса,Первая половина 10го класса,Русский
72,72,16.01.2026 23:32:57,Лицей БГУ,11.0,"Математика, Физика, Русский",90+,Первая половина 11го класса,Первая половина 11го класса,"Русский, Физика"
73,73,16.01.2026 23:56:49,Лицей БГУ,11.0,"Математика, Русский, Иностранный язык",90+,Я считаю что сдам своими силами,Первая половина 11го класса,Иностранный язык
74,74,17.01.2026 0:00:37,Школа,11.0,"Математика, Физика, Русский",80-90,Первая половина 10го класса,Первая половина 10го класса,"Математика, Физика, Русский"
75,75,17.01.2026 0:22:59,Лицей БГУ,11.0,"Математика, Беларусский, Иностранный язык",90+,Первая половина 11го класса,Вторая половина 11го класса,"Математика, Белорусский"
76,76,17.01.2026 0:28:44,Лицей БГУ,10.0,"Математика, Физика, Беларусский",80-90,Вторая половина 10го класса,Вторая половина 10го класса,Физика
77,77,17.01.2026 1:01:43,Лицей БГУ,11.0,"Русский, Иностранный язык",90+,Я считаю что сдам своими силами,,
78,78,17.01.2026 1:06:04,Школа,11.0,"Математика, Физика, Русский",80-90,Я считаю что сдам своими силами,Интенсив,
79,79,17.01.2026 1:23:04,Лицей БГУ,11.0,"Беларусский, Обществоведение, История",90+,Я считаю что сдам своими силами,,
80,80,17.01.2026 2:16:51,Лицей БГУ,11.0,"Русский, Иностранный язык",70-80,Я считаю что сдам своими силами,,
81,81,17.01.2026 6:33:39,Школа,11.0,"Математика, Физика, Беларусский",90+,Вторая половина 10го класса,Первая половина 11го класса,Физика
82,82,17.01.2026 6:50:24,Школа,11.0,"Русский, История",До 70,Вторая половина 10го класса,Первая половина 11го класса,"Русский, История"
83,83,17.01.2026 9:11:57,Школа,11.0,"Беларусский, Биология",80-90,Вторая половина 10го класса,Вторая половина 10го класса,Математика
84,84,17.01.2026 9:24:43,Лицей БГУ,11.0,"Математика, Физика, Русский",80-90,Я считаю что сдам своими силами,Интенсив,
85,85,17.01.2026 9:24:52,Школа,11.0,"Русский, Биология, Химия",90+,Я считаю что сдам своими силами,,
86,86,17.01.2026 9:26:31,Школа,11.0,"Беларусский, Биология, История",80-90,Я считаю что сдам своими силами,,
87,87,17.01.2026 9:27:17,Школа,11.0,"Беларусский, Биология, Химия",90+,Первая половина 10го класса,Первая половина 10го класса,"Химия, Белорусский"
88,88,17.01.2026 10:04:11,Школа,11.0,"Русский, Биология, Химия",90+,Вторая половина 10го класса,Первая половина 11го класса,"Русский, Химия"
89,89,17.01.2026 10:14:22,Школа,11.0,"Русский, Биология, Химия",90+,Первая половина 10го класса,Первая половина 10го класса,"Химия, Русский"
90,90,17.01.2026 12:19:00,Лицей БГУ,11.0,"Русский, Обществоведение",90+,Я считаю что сдам своими силами,Интенсив,
91,91,17.01.2026 12:27:10,Школа,11.0,"Русский, Иностранный язык, История",До 70,Я считаю что сдам своими силами,,
92,92,17.01.2026 12:27:48,Лицей БГУ,11.0,"Русский, Биология, Химия",80-90,Вторая половина 10го класса,Первая половина 11го класса,"Химия, Биология"
93,93,17.01.2026 12:30:30,Школа,11.0,"Беларусский, Биология, Химия",90+,Первая половина 10го класса,Первая половина 10го класса,Химия
94,94,17.01.2026 12:38:25,Школа,11.0,"Русский, Иностранный язык, Обществоведение",70-80,Вторая половина 10го класса,Первая половина 11го класса,"Русский, Обществоведение, Иностранный язык"
95,95,17.01.2026 12:40:04,Школа,11.0,"Русский, История",90+,Первая половина 11го класса,Первая половина 11го класса,Русский
96,96,17.01.2026 12:43:58,Школа,11.0,"Беларусский, Обществоведение, История",90+,Я считаю что сдам своими силами,,
97,97,17.01.2026 12:47:49,Школа,11.0,"Русский, Иностранный язык, Обществоведение",90+,Вторая половина 10го класса,Вторая половина 10го класса,"Обществоведение, Русский"
98,98,17.01.2026 13:00:19,Школа,11.0,"Математика, Физика, Русский",До 70,Первая половина 10го класса,Первая половина 10го класса,"Физика, Математика"
99,99,17.01.2026 13:09:26,Лицей БГУ,11.0,"Русский, Биология, Химия",90+,Я считаю что сдам своими силами,,
100,100,17.01.2026 13:42:32,Школа,11.0,"Русский, Иностранный язык, Обществоведение",90+,Вторая половина 10го класса,Первая половина 11го класса,"Обществоведение, Русский, Иностранный язык"
101,101,17.01.2026 13:52:51,Школа,11.0,"Математика, Беларусский, Иностранный язык",80-90,Первая половина 10го класса,Первая половина 10го класса,"Белорусский, Математика, Иностранный язык"
102,102,17.01.2026 14:03:38,Школа,11.0,"Русский, Иностранный язык, История",70-80,Первая половина 11го класса,Первая половина 11го класса,"История, Иностранный язык"
103,103,17.01.2026 14:07:26,Школа,11.0,"Русский, Иностранный язык, История",90+,Вторая половина 10го класса,Вторая половина 10го класса,"История, Русский"
104,104,17.01.2026 14:22:05,Школа,11.0,"Математика, Физика",До 70,Первая половина 10го класса,Первая половина 10го класса,
105,105,17.01.2026 14:28:07,Школа,11.0,"Русский, История",70-80,Вторая половина 10го класса,Первая половина 11го класса,История
106,106,17.01.2026 14:40:43,Школа,11.0,"Математика, Физика, Русский",90+,Первая половина 10го класса,Первая половина 10го класса,"Математика, Русский, Физика"
107,107,17.01.2026 14:44:50,Лицей БГУ,11.0,"Беларусский, Иностранный язык, Обществоведение",90+,Первая половина 11го класса,Первая половина 11го класса,"Белорусский, Обществоведение"
108,108,17.01.2026 15:05:30,Школа,11.0,"Математика, Физика, Русский",80-90,Первая половина 10го класса,Первая половина 10го класса,"Физика, Математика"
109,109,17.01.2026 15:13:02,Школа,11.0,"Математика, Физика, Русский",80-90,Первая половина 11го класса,Первая половина 11го класса,"Физика, Русский"
110,110,17.01.2026 17:06:56,Лицей БГУ,11.0,"Беларусский, Обществоведение, История",90+,Я считаю что сдам своими силами,Интенсив,
111,111,17.01.2026 17:47:05,Школа,11.0,"Беларусский, Иностранный язык, Обществоведение",90+,Вторая половина 10го класса,Первая половина 11го класса,"Обществоведение, Иностранный язык"
112,112,17.01.2026 19:36:30,Школа,11.0,"Математика, Физика, Русский",90+,Я считаю что сдам своими силами,,
113,113,17.01.2026 20:34:32,Школа,11.0,"Математика, Физика, Русский",90+,Первая половина 11го класса,Первая половина 11го класса,"Математика, Русский"
114,114,17.01.2026 20:36:00,Лицей БГУ,11.0,"Математика, Физика, Русский",90+,Я считаю что сдам своими силами,,
115,115,17.01.2026 20:36:46,Школа,11.0,"Математика, Физика, Русский",90+,Вторая половина 10го класса,Первая половина 11го класса,"Математика, Физика, Русский"
116,116,17.01.2026 20:39:03,Школа,11.0,"Математика, Физика, Русский",90+,Вторая половина 10го класса,Вторая половина 10го класса,Физика
117,117,17.01.2026 20:39:48,Школа,11.0,"Математика, Физика, Русский",90+,Я считаю что сдам своими силами,,
118,118,17.01.2026 20:40:56,Школа,11.0,"Русский, Иностранный язык, Обществоведение",80-90,Вторая половина 11го класса,,
119,119,17.01.2026 20:42:04,Школа,11.0,"Математика, Русский, Иностранный язык",80-90,Вторая половина 10го класса,Первая половина 11го класса,Русский
120,120,17.01.2026 20:42:30,Школа,11.0,"Беларусский, Иностранный язык, Обществоведение",90+,Я считаю что сдам своими силами,,
121,121,17.01.2026 20:42:35,Школа,11.0,"Математика, Беларусский, Иностранный язык",90+,Первая половина 11го класса,Первая половина 11го класса,"Иностранный язык, Математика"
122,122,17.01.2026 20:43:04,Школа,11.0,"Математика, Физика, Русский",90+,Первая половина 11го класса,Первая половина 11го класса,"Математика, Физика, Русский"
123,123,17.01.2026 20:43:24,Лицей БГУ,11.0,"Математика, Русский, Иностранный язык",90+,Первая половина 11го класса,Первая половина 11го класса,Математика
124,124,17.01.2026 20:44:49,Школа,11.0,"Математика, Беларусский, Иностранный язык",90+,Вторая половина 10го класса,Первая половина 11го класса,"Математика, Белорусский, Иностранный язык"
125,125,17.01.2026 20:45:40,Школа,11.0,"Беларусский, Иностранный язык, Обществоведение",90+,Первая половина 11го класса,Первая половина 11го класса,"Обществоведение, Иностранный язык"
126,126,17.01.2026 20:49:16,Школа,11.0,"Русский, Иностранный язык, Обществоведение",90+,Я считаю что сдам своими силами,,
127,127,17.01.2026 20:50:21,Школа,11.0,"Беларусский, Иностранный язык, Обществоведение",90+,Первая половина 10го класса,Первая половина 11го класса,Иностранный язык
128,128,17.01.2026 20:50:45,Школа,11.0,"Математика, Беларусский, Иностранный язык",70-80,Первая половина 11го класса,Первая половина 11го класса,
129,129,17.01.2026 20:51:24,Школа,11.0,"Математика, Русский, Иностранный язык",90+,Первая половина 11го класса,Первая половина 11го класса,"Математика, Иностранный язык"
130,130,17.01.2026 20:52:59,Школа,11.0,"Математика, Русский, Иностранный язык",90+,Первая половина 10го класса,Вторая половина 10го класса,"Математика, Иностранный язык, Русский"
131,131,17.01.2026 20:53:33,Школа,11.0,"Математика, Физика, Русский",До 70,Я считаю что сдам своими силами,,
132,132,17.01.2026 20:57:06,Школа,11.0,"Математика, Русский, Иностранный язык",80-90,Первая половина 10го класса,Первая половина 10го класса,
133,133,17.01.2026 20:57:41,Школа,11.0,"Математика, Русский, Иностранный язык",90+,Первая половина 10го класса,Первая половина 10го класса,
134,134,17.01.2026 20:59:50,Школа,11.0,"Математика, Русский, Иностранный язык",90+,Первая половина 10го класса,Первая половина 11го класса,"Русский, Математика, Иностранный язык"
135,135,17.01.2026 21:12:49,Лицей БГУ,11.0,"Русский, Иностранный язык, Обществоведение",90+,Первая половина 11го класса,Первая половина 11го класса,Иностранный язык
136,136,17.01.2026 21:14:59,Школа,11.0,"Математика, Русский, Иностранный язык",80-90,Вторая половина 10го класса,Первая половина 11го класса,"Математика, Иностранный язык"
137,137,17.01.2026 21:15:52,Школа,11.0,"Русский, Иностранный язык, Обществоведение",90+,Первая половина 10го класса,Первая половина 10го класса,"Русский, Иностранный язык, Обществоведение"
138,138,17.01.2026 21:18:39,Школа,11.0,"Иностранный язык, Обществоведение",90+,Я считаю что сдам своими силами,Интенсив,
139,139,17.01.2026 21:21:45,Школа,11.0,"Русский, Иностранный язык, Обществоведение",90+,Первая половина 10го класса,Первая половина 11го класса,"Иностранный язык, Русский, Обществоведение"
140,140,17.01.2026 21:21:55,Школа,11.0,"Математика, Русский, Иностранный язык",90+,Первая половина 10го класса,Вторая половина 10го класса,"Иностранный язык, Математика, Русский"
141,141,17.01.2026 21:22:46,Школа,11.0,"Русский, Иностранный язык, Обществоведение",90+,Вторая половина 10го класса,Первая половина 11го класса,"Русский, Иностранный язык, Обществоведение"
142,142,17.01.2026 21:32:56,Школа,11.0,"Математика, Русский, Иностранный язык",80-90,Первая половина 10го класса,Вторая половина 10го класса,"Математика, Русский"
143,143,17.01.2026 21:35:53,Школа,11.0,"Русский, Иностранный язык, Обществоведение",80-90,Первая половина 11го класса,Вторая половина 11го класса,"Русский, Обществоведение, Иностранный язык"
144,144,17.01.2026 21:37:33,Лицей БГУ,11.0,"Беларусский, Иностранный язык, История",80-90,Я считаю что сдам своими силами,Интенсив,Иностранный язык
145,145,17.01.2026 21:38:27,Лицей БГУ,11.0,"Математика, Русский",80-90,Первая половина 11го класса,Первая половина 11го класса,"Математика, Русский"
146,146,17.01.2026 21:42:38,Школа,11.0,"Русский, Иностранный язык, Обществоведение",90+,Вторая половина 11го класса,Вторая половина 11го класса,"Обществоведение, Иностранный язык"
147,147,17.01.2026 21:48:04,Школа,11.0,"Математика, Русский, Иностранный язык",90+,Первая половина 10го класса,Первая половина 11го класса,"Иностранный язык, Математика"
148,148,17.01.2026 21:56:06,Школа,11.0,"Математика, Физика, Русский",90+,Первая половина 10го класса,Первая половина 10го класса,"Физика, Математика, Русский"
149,149,17.01.2026 22:01:36,Школа,11.0,"Математика, Физика, Русский",80-90,Я считаю что сдам своими силами,,
150,150,17.01.2026 22:01:49,Лицей БГУ,11.0,"Математика, Физика, Русский",80-90,Я считаю что сдам своими силами,Интенсив,
151,151,17.01.2026 22:21:27,Школа,11.0,"Математика, Беларусский, Иностранный язык",80-90,Первая половина 10го класса,Первая половина 10го класса,"Математика, Белорусский"
152,152,17.01.2026 22:41:20,Лицей БГУ,11.0,"Математика, Русский, Иностранный язык",90+,Вторая половина 11го класса,Интенсив,
153,153,17.01.2026 22:50:53,Школа,11.0,"Математика, Русский, Иностранный язык",80-90,Первая половина 10го класса,Первая половина 10го класса,"Математика, Иностранный язык, Русский"
154,154,17.01.2026 23:11:00,Школа,11.0,"Беларусский, Иностранный язык, Обществоведение",80-90,Первая половина 10го класса,Вторая половина 10го класса,"Белорусский, Иностранный язык, Обществоведение"
155,155,17.01.2026 23:27:10,Школа,11.0,"Русский, Иностранный язык, Обществоведение",90+,Первая половина 10го класса,Первая половина 10го класса,"Русский, Иностранный язык, Обществоведение"
156,156,18.01.2026 0:15:08,Школа,11.0,"Математика, Физика, Русский",90+,Я считаю что сдам своими силами,,
157,157,18.01.2026 2:13:22,Школа,11.0,"Математика, Беларусский, Иностранный язык",80-90,Первая половина 10го класса,Первая половина 10го класса,"Иностранный язык, Математика, Белорусский"
158,158,18.01.2026 10:26:37,Школа,11.0,"Русский, Иностранный язык, Обществоведение",80-90,Первая половина 11го класса,Вторая половина 11го класса,Иностранный язык
159,159,18.01.2026 13:58:05,Школа,11.0,"Русский, Иностранный язык, Обществоведение",70-80,Вторая половина 10го класса,Первая половина 11го класса,Русский
160,160,18.01.2026 14:06:24,Лицей БГУ,11.0,"Беларусский, Иностранный язык, Обществоведение",70-80,Первая половина 10го класса,Вторая половина 11го класса,Иностранный язык
161,161,18.01.2026 22:22:58,Школа,11.0,"Русский, Биология, Химия",90+,Первая половина 10го класса,Первая половина 11го класса,"Химия, Биология, Русский"
162,162,18.01.2026 22:24:46,Школа,11.0,"Беларусский, Биология, Химия",80-90,Вторая половина 10го класса,Вторая половина 10го класса,"Белорусский, Биология, Химия"
163,163,18.01.2026 22:26:02,Школа,11.0,"Беларусский, Биология, Химия",80-90,Первая половина 10го класса,Первая половина 10го класса,"Белорусский, Химия, Биология"
164,164,18.01.2026 22:27:12,Школа,11.0,"Беларусский, Биология, Химия",80-90,Вторая половина 10го класса,Вторая половина 10го класса,"Химия, Биология, Белорусский"
165,165,18.01.2026 22:28:41,Школа,11.0,"Беларусский, Биология, Химия",80-90,Первая половина 10го класса,Первая половина 10го класса,"Химия, Биология"
166,166,18.01.2026 22:29:28,Школа,11.0,"Беларусский, Биология, Химия",80-90,Вторая половина 10го класса,Вторая половина 10го класса,"Химия, Биология"
167,167,18.01.2026 22:29:32,Школа,11.0,"Математика, Беларусский, Химия",70-80,Я считаю что сдам своими силами,Интенсив,Химия
168,168,18.01.2026 22:30:07,Школа,11.0,"Русский, Биология, Химия",90+,Первая половина 10го класса,Первая половина 10го класса,"Химия, Биология, Русский"
169,169,18.01.2026 22:31:40,Школа,11.0,"Биология, Химия",90+,Я считаю что сдам своими силами,,
170,170,18.01.2026 22:32:03,Школа,11.0,"Беларусский, Биология, Химия",70-80,Первая половина 11го класса,Первая половина 11го класса,Химия
171,171,18.01.2026 22:32:43,Школа,11.0,"Биология, Химия",80-90,Первая половина 10го класса,Первая половина 10го класса,"Химия, Биология"
172,172,18.01.2026 22:33:42,Школа,11.0,"Беларусский, Биология, Химия",80-90,Первая половина 10го класса,Первая половина 10го класса,"Химия, Биология"
173,173,18.01.2026 22:34:19,Школа,11.0,"Русский, Биология, Химия",80-90,Первая половина 10го класса,Первая половина 10го класса,Химия
174,174,18.01.2026 22:34:27,Школа,11.0,"Беларусский, Биология, Химия",80-90,Первая половина 11го класса,Первая половина 11го класса,"Химия, Биология"
175,175,18.01.2026 22:34:41,Школа,11.0,"Русский, Биология, Химия",70-80,Первая половина 10го класса,Вторая половина 10го класса,"Биология, Химия, Русский"
176,176,18.01.2026 22:35:21,Лицей БГУ,11.0,"Биология, Химия",90+,Вторая половина 10го класса,Первая половина 11го класса,"Химия, Биология"
177,177,18.01.2026 22:35:48,Школа,11.0,"Русский, Биология, Химия",80-90,Первая половина 11го класса,Первая половина 11го класса,Химия
178,178,18.01.2026 22:39:22,Школа,11.0,"Русский, Биология, Химия",90+,Первая половина 10го класса,Вторая половина 10го класса,"Биология, Русский"
179,179,18.01.2026 22:39:24,Школа,11.0,"Русский, Биология, Химия",80-90,Первая половина 10го класса,Первая половина 10го класса,"Русский, Химия, Биология"
180,180,18.01.2026 22:39:25,Школа,11.0,"Русский, Биология, Химия",80-90,Первая половина 11го класса,Первая половина 11го класса,Биология
181,181,18.01.2026 22:39:42,Школа,11.0,"Русский, Биология, Химия",80-90,Вторая половина 10го класса,Вторая половина 11го класса,"Биология, Русский"
182,182,18.01.2026 22:39:49,Школа,11.0,"Русский, Биология, Химия",80-90,Первая половина 10го класса,Первая половина 10го класса,"Химия, Биология"
183,183,18.01.2026 22:41:41,Школа,11.0,"Биология, Химия",80-90,Первая половина 10го класса,Первая половина 11го класса,"Химия, Русский"
184,184,18.01.2026 22:42:09,Школа,11.0,"Беларусский, Биология, Химия",80-90,Вторая половина 10го класса,Вторая половина 10го класса,"Химия, Биология"
185,185,18.01.2026 22:43:03,Школа,11.0,"Биология, Химия",80-90,Первая половина 10го класса,Первая половина 10го класса,"Биология, Химия, Русский"
186,186,18.01.2026 22:44:04,Школа,11.0,"Русский, Биология, Химия",80-90,Первая половина 10го класса,Первая половина 10го класса,"Русский, Биология, Химия"
187,187,18.01.2026 22:46:57,Школа,11.0,"Беларусский, Биология, Химия",90+,Вторая половина 10го класса,Первая половина 11го класса,"Химия, Биология"
188,188,18.01.2026 22:48:41,Лицей БГУ,11.0,"Русский, Биология, Химия",90+,Первая половина 11го класса,Первая половина 11го класса,Русский
189,189,18.01.2026 22:53:45,Школа,11.0,"Биология, Химия",70-80,Первая половина 10го класса,Вторая половина 10го класса,"Химия, Биология"
190,190,18.01.2026 22:55:26,Школа,11.0,"Русский, Биология, Химия",80-90,Первая половина 10го класса,Первая половина 10го класса,"Русский, Биология, Химия"
191,191,18.01.2026 22:59:32,Школа,11.0,"Русский, Биология, Химия",70-80,Первая половина 10го класса,Первая половина 10го класса,"Русский, Биология, Химия"
192,192,18.01.2026 23:02:01,Школа,11.0,"Беларусский, Биология, Химия",80-90,Вторая половина 10го класса,Первая половина 10го класса,"Биология, Химия"
193,193,18.01.2026 23:02:51,Школа,11.0,"Математика, Беларусский, Химия",80-90,Вторая половина 10го класса,Первая половина 11го класса,"Математика, Химия"
194,194,18.01.2026 23:14:21,Школа,11.0,"Биология, Химия",70-80,Вторая половина 10го класса,Вторая половина 10го класса,"Химия, Биология"
195,195,18.01.2026 23:36:35,Школа,11.0,"Русский, Биология, Химия",90+,Первая половина 10го класса,Первая половина 10го класса,
196,196,19.01.2026 0:02:19,Школа,11.0,"Русский, Биология, Химия",90+,Я считаю что сдам своими силами,Вторая половина 11го класса,Русский
197,197,19.01.2026 0:16:36,Школа,11.0,"Русский, Биология, Химия",90+,Первая половина 10го класса,Первая половина 10го класса,"Химия, Биология"
198,198,19.01.2026 7:58:10,Школа,11.0,"Биология, Химия",90+,Первая половина 10го класса,Первая половина 10го класса,"Русский, Биология, Химия"
199,199,19.01.2026 14:35:10,Школа,11.0,"Русский, Биология, Химия",До 70,Я считаю что сдам своими силами,Интенсив,
200,200,19.01.2026 18:45:17,Школа,11.0,"Русский, Иностранный язык, Обществоведение",90+,Первая половина 10го класса,Первая половина 10го класса,"Русский, Иностранный язык, Обществоведение"
201,201,19.01.2026 22:05:31,Школа,11.0,"Русский, Биология, Химия",80-90,Первая половина 10го класса,Первая половина 10го класса,"Русский, Биология, Химия"
202,202,19.01.2026 22:05:45,Школа,11.0,"Математика, Физика, Беларусский",70-80,Вторая половина 10го класса,Первая половина 11го класса,Физика
203,203,19.01.2026 22:06:37,Школа,11.0,"Русский, Биология, Химия",80-90,Вторая половина 10го класса,Первая половина 11го класса,Химия
204,204,19.01.2026 22:09:41,Школа,11.0,"Математика, Физика, Русский",80-90,Вторая половина 10го класса,Первая половина 11го класса,Физика
205,205,19.01.2026 22:10:14,Школа,11.0,"Математика, Физика, Русский",70-80,Я считаю что сдам своими силами,,
206,206,19.01.2026 22:22:10,Школа,11.0,"Русский, Биология, Химия",90+,Я считаю что сдам своими силами,,
207,207,19.01.2026 22:28:38,Школа,11.0,"Математика, Физика",70-80,Я считаю что сдам своими силами,,
208,208,19.01.2026 22:44:17,Школа,11.0,"Беларусский, Биология, Химия",80-90,Вторая половина 10го класса,Вторая половина 10го класса,"Химия, Биология"
209,209,19.01.2026 22:46:25,Школа,11.0,"Математика, Физика, Русский",80-90,Первая половина 11го класса,Вторая половина 11го класса,"Русский, Математика, Физика"
210,210,19.01.2026 23:44:38,Школа,10.0,"Русский, Иностранный язык, История",90+,Первая половина 10го класса,Первая половина 10го класса,"Русский, Иностранный язык, История"
211,211,19.01.2026 23:46:35,Школа,11.0,"Математика, Физика, Русский",90+,Первая половина 10го класса,Первая половина 10го класса,Физика
212,212,20.01.2026 0:27:36,Школа,11.0,"Беларусский, Биология, Химия",90+,Первая половина 10го класса,Первая половина 10го класса,
213,213,20.01.2026 0:46:51,Школа,11.0,"Математика, Физика, Русский",80-90,Первая половина 10го класса,Первая половина 11го класса,Русский
214,214,20.01.2026 9:34:33,Школа,11.0,"Беларусский, Биология, Химия",80-90,Я считаю что сдам своими силами,,
215,215,20.01.2026 11:30:59,Школа,11.0,"Математика, Физика, Русский",80-90,Вторая половина 10го класса,,
216,216,20.01.2026 12:57:16,Школа,11.0,"Русский, Иностранный язык, История",80-90,Первая половина 11го класса,Первая половина 11го класса,"Русский, История"
217,217,20.01.2026 14:06:14,Школа,11.0,"Математика, Физика, Русский",90+,Первая половина 10го класса,Первая половина 10го класса,"Физика, Математика"
218,218,20.01.2026 15:16:36,Школа,11.0,"Математика, Физика, Беларусский",90+,Первая половина 11го класса,Вторая половина 11го класса,Физика
219,219,20.01.2026 15:24:08,Школа,11.0,"Математика, Физика, Русский",90+,Вторая половина 10го класса,Вторая половина 10го класса,"Физика, Математика, Русский"
220,220,20.01.2026 15:26:14,Школа,11.0,"Математика, Физика, Русский",90+,Первая половина 10го класса,Первая половина 10го класса,"Физика, Математика, Русский"
221,221,20.01.2026 15:28:20,Школа,11.0,"Математика, Физика, Беларусский",90+,Первая половина 11го класса,Интенсив,
222,222,20.01.2026 15:29:51,Лицей БГУ,11.0,"Математика, Беларусский",80-90,Я считаю что сдам своими силами,,
223,223,20.01.2026 15:30:19,Школа,11.0,"Математика, Физика, Беларусский",90+,Я считаю что сдам своими силами,Интенсив,
224,224,20.01.2026 15:31:24,Школа,10.0,"Русский, Обществоведение, История",90+,Я считаю что сдам своими силами,,
225,225,20.01.2026 15:34:01,Школа,11.0,"Математика, Физика, Беларусский",90+,Вторая половина 10го класса,Первая половина 11го класса,"Математика, Физика"
226,226,20.01.2026 15:37:22,Школа,11.0,"Математика, Физика, Беларусский",80-90,Первая половина 10го класса,Первая половина 10го класса,"Математика, Физика, Белорусский"
227,227,20.01.2026 15:37:32,Школа,10.0,"Математика, Физика, Русский",90+,Первая половина 10го класса,Первая половина 10го класса,
228,228,20.01.2026 15:39:06,Школа,11.0,"Математика, Физика, Русский",90+,Я считаю что сдам своими силами,,
229,229,20.01.2026 15:41:01,Школа,11.0,"Математика, Физика, Русский",90+,Вторая половина 10го класса,Первая половина 11го класса,"Русский, Физика"
230,230,20.01.2026 15:41:28,Школа,11.0,"Русский, Иностранный язык, История",90+,Вторая половина 10го класса,Вторая половина 10го класса,"История, Иностранный язык, Русский"
231,231,20.01.2026 15:41:46,Школа,11.0,"Математика, Физика, Русский",90+,Первая половина 11го класса,Первая половина 11го класса,"Математика, Физика, Русский"
232,232,20.01.2026 15:41:52,Школа,11.0,"Математика, Русский, Иностранный язык",90+,Первая половина 10го класса,Первая половина 10го класса,"Иностранный язык, Математика, Русский"
233,233,20.01.2026 15:42:07,Школа,11.0,"Математика, Русский",90+,Вторая половина 11го класса,Вторая половина 11го класса,Русский
234,234,20.01.2026 15:42:19,Школа,11.0,"Математика, Физика, Русский",90+,Первая половина 11го класса,Вторая половина 11го класса,"Русский, Физика"
235,235,20.01.2026 15:44:12,Школа,11.0,"Беларусский, История",70-80,Я считаю что сдам своими силами,,
236,236,20.01.2026 15:49:59,Школа,11.0,"Математика, Русский, Иностранный язык",80-90,Вторая половина 10го класса,Первая половина 11го класса,Математика
237,237,20.01.2026 15:58:32,Школа,11.0,"Русский, Иностранный язык, Обществоведение",90+,Первая половина 10го класса,Вторая половина 10го класса,"Обществоведение, Иностранный язык"
238,238,20.01.2026 15:58:53,Школа,11.0,"Математика, Физика, Русский",80-90,Вторая половина 10го класса,Первая половина 11го класса,"Математика, Физика, Русский"
239,239,20.01.2026 16:02:45,Школа,11.0,"Математика, Физика, Русский",90+,Первая половина 11го класса,Вторая половина 11го класса,"Физика, Русский"
240,240,20.01.2026 16:03:41,Школа,11.0,"Математика, Русский, Иностранный язык",80-90,Первая половина 11го класса,Первая половина 11го класса,"Математика, Иностранный язык, Русский"
241,241,20.01.2026 16:03:43,Школа,11.0,"Математика, Физика, Русский",80-90,Первая половина 10го класса,Первая половина 10го класса,"Математика, Физика, Русский"
242,242,20.01.2026 16:04:07,Школа,11.0,"Математика, Физика, Русский",90+,Вторая половина 10го класса,Первая половина 11го класса,Физика
243,243,20.01.2026 16:04:14,Лицей БГУ,11.0,"Математика, Русский, Иностранный язык",90+,Вторая половина 10го класса,Первая половина 11го класса,Математика
244,244,20.01.2026 16:04:35,Школа,11.0,"Математика, Физика, Русский",70-80,Первая половина 10го класса,Первая половина 10го класса,"Физика, Русский"
245,245,20.01.2026 16:06:10,Школа,11.0,"Русский, Иностранный язык, История",90+,Я считаю что сдам своими силами,,
246,246,20.01.2026 16:06:17,Школа,11.0,"Математика, Физика, Русский",90+,Первая половина 10го класса,Первая половина 10го класса,"Математика, Физика, Русский"
247,247,20.01.2026 16:06:44,Школа,11.0,"Математика, Физика, Русский",90+,Первая половина 11го класса,Первая половина 11го класса,Физика
248,248,20.01.2026 16:06:46,Школа,10.0,"Математика, Физика, Русский",70-80,Я считаю что сдам своими силами,Интенсив,
249,249,20.01.2026 16:10:53,Школа,11.0,"Математика, Физика, Русский",90+,Вторая половина 10го класса,Вторая половина 10го класса,"Математика, Физика, Русский"
250,250,20.01.2026 16:10:59,Школа,11.0,"Беларусский, История",80-90,Первая половина 10го класса,Вторая половина 11го класса,История
251,251,20.01.2026 16:12:14,Школа,11.0,"Математика, Физика, Русский",90+,Первая половина 11го класса,Первая половина 11го класса,"Физика, Русский"
252,252,20.01.2026 16:13:01,Школа,11.0,"Русский, Обществоведение, История",70-80,Первая половина 10го класса,Вторая половина 10го класса,"История, Русский"
253,253,20.01.2026 16:13:07,Школа,11.0,"Обществоведение, История",90+,Вторая половина 10го класса,Первая половина 11го класса,"Обществоведение, История"
254,254,20.01.2026 16:13:26,Школа,11.0,"Математика, Физика, Беларусский",90+,Я считаю что сдам своими силами,,
255,255,20.01.2026 16:13:27,Школа,11.0,"Русский, История",70-80,Первая половина 11го класса,Вторая половина 11го класса,История
256,256,20.01.2026 16:13:48,Школа,11.0,"Математика, Беларусский, Химия",90+,Я считаю что сдам своими силами,,
257,257,20.01.2026 16:14:28,Школа,11.0,"Математика, Русский, Иностранный язык",80-90,Первая половина 11го класса,Первая половина 11го класса,"Математика, Русский, Иностранный язык"
258,258,20.01.2026 16:18:48,Школа,11.0,"Математика, Физика, Беларусский",80-90,Первая половина 10го класса,Первая половина 10го класса,"Математика, Физика, Белорусский"
259,259,20.01.2026 16:19:34,Школа,11.0,"Беларусский, История",90+,Я считаю что сдам своими силами,,
260,260,20.01.2026 16:21:58,Школа,11.0,"Беларусский, Обществоведение, История",90+,Я считаю что сдам своими силами,,
261,261,20.01.2026 16:22:20,Школа,11.0,"Русский, Иностранный язык, Обществоведение",80-90,Первая половина 10го класса,Вторая половина 10го класса,"Русский, Иностранный язык, Обществоведение"
262,262,20.01.2026 16:23:40,Школа,11.0,"Математика, Русский, Иностранный язык",80-90,Вторая половина 10го класса,Первая половина 11го класса,"Математика, Русский"
263,263,20.01.2026 16:25:02,Школа,11.0,"Русский, Иностранный язык, История",90+,Вторая половина 10го класса,Первая половина 11го класса,"Иностранный язык, Русский"
264,264,20.01.2026 16:32:22,Школа,11.0,"Математика, Физика, Беларусский",90+,Первая половина 11го класса,Первая половина 11го класса,"Белорусский, Физика"
265,265,20.01.2026 16:41:26,Лицей БГУ,10.0,"Математика, Химия",80-90,Я считаю что сдам своими силами,,
266,266,20.01.2026 16:45:18,Школа,11.0,"Русский, История",90+,Я считаю что сдам своими силами,,
267,267,20.01.2026 16:51:59,Школа,11.0,"Математика, Физика",90+,Я считаю что сдам своими силами,,
268,268,20.01.2026 16:53:06,Школа,11.0,"Математика, Физика, Беларусский",90+,Я считаю что сдам своими силами,,
269,269,20.01.2026 16:55:34,Школа,11.0,"Русский, Обществоведение, История",90+,Первая половина 10го класса,Вторая половина 10го класса,Русский
270,270,20.01.2026 17:05:33,Школа,11.0,"Русский, Иностранный язык, История",90+,Я считаю что сдам своими силами,Интенсив,"Русский, История"
271,271,20.01.2026 17:13:07,Школа,11.0,"Математика, Физика, Беларусский",90+,Первая половина 10го класса,Первая половина 10го класса,"Математика, Физика, Белорусский"
272,272,20.01.2026 17:15:17,Школа,11.0,"Математика, Физика, Русский",90+,Вторая половина 10го класса,Первая половина 11го класса,"Математика, Физика, Русский"
273,273,20.01.2026 17:17:58,Школа,11.0,"Русский, Биология, Химия",80-90,Первая половина 10го класса,Первая половина 10го класса,"Русский, Биология, Химия"
274,274,20.01.2026 17:18:55,Школа,11.0,"Русский, Иностранный язык, Обществоведение",70-80,Вторая половина 10го класса,Первая половина 11го класса,"Русский, Иностранный язык, Обществоведение"
275,275,20.01.2026 17:40:17,Школа,11.0,"Русский, Иностранный язык, История",80-90,Я считаю что сдам своими силами,Интенсив,
276,276,20.01.2026 17:46:28,Школа,11.0,"Русский, История",70-80,Вторая половина 10го класса,Вторая половина 11го класса,
277,277,20.01.2026 17:53:32,Школа,11.0,"Беларусский, История",70-80,Первая половина 11го класса,Первая половина 11го класса,История
278,278,20.01.2026 17:58:19,Школа,11.0,"Русский, Обществоведение, История",80-90,Первая половина 10го класса,Первая половина 11го класса,"Русский, История, Обществоведение"
279,279,20.01.2026 18:14:00,Школа,11.0,"Беларусский, Иностранный язык, История",80-90,Вторая половина 10го класса,Вторая половина 11го класса,
280,280,20.01.2026 18:15:08,Школа,11.0,"Математика, Физика, Русский",90+,Первая половина 11го класса,Первая половина 11го класса,"Физика, Математика, Русский"
281,281,20.01.2026 18:33:07,Школа,11.0,"Русский, Иностранный язык, Обществоведение",90+,Вторая половина 10го класса,Вторая половина 10го класса,"Иностранный язык, Русский"
282,282,20.01.2026 18:43:18,Школа,11.0,"Математика, Физика, Русский",80-90,Вторая половина 11го класса,Первая половина 11го класса,Русский
283,283,20.01.2026 19:10:24,Школа,11.0,"Математика, Физика, Русский",90+,Первая половина 11го класса,Первая половина 11го класса,"Математика, Физика, Русский"
284,284,20.01.2026 19:10:31,Школа,11.0,"Русский, Биология, Химия",90+,Первая половина 10го класса,Первая половина 10го класса,"Химия, Биология, Русский"
285,285,20.01.2026 19:11:42,Школа,11.0,"Русский, Биология, Химия",90+,Первая половина 10го класса,Первая половина 10го класса,"Химия, Биология"
286,286,20.01.2026 19:11:59,Школа,11.0,"Русский, Биология, Химия",70-80,Первая половина 10го класса,Первая половина 10го класса,"Химия, Биология"
287,287,20.01.2026 19:12:37,Школа,11.0,"Русский, Биология, Химия",80-90,Первая половина 10го класса,Первая половина 10го класса,"Химия, Биология"
288,288,20.01.2026 19:13:49,Школа,11.0,"Русский, Биология, Химия",90+,Первая половина 10го класса,Первая половина 10го класса,"Химия, Биология"
289,289,20.01.2026 19:14:22,Школа,11.0,"Русский, Биология, Химия",80-90,Первая половина 11го класса,Первая половина 11го класса,"Химия, Биология"
290,290,20.01.2026 19:16:50,Школа,11.0,"Русский, Биология, Химия",До 70,Первая половина 11го класса,Первая половина 11го класса,"Химия, Биология"
291,291,20.01.2026 19:19:07,Школа,11.0,"Русский, Биология, Химия",80-90,Вторая половина 10го класса,Вторая половина 10го класса,"Химия, Биология"
292,292,20.01.2026 19:19:58,Школа,11.0,"Беларусский, Биология, Химия",До 70,Я считаю что сдам своими силами,Интенсив,
293,293,20.01.2026 19:26:53,Школа,11.0,"Русский, Биология, Химия",70-80,Первая половина 10го класса,Первая половина 11го класса,Биология
294,294,20.01.2026 19:27:43,Школа,10.0,"Математика, Физика, Беларусский",90+,Первая половина 10го класса,Вторая половина 10го класса,Физика
295,295,20.01.2026 19:37:52,Школа,11.0,"Беларусский, Биология, Химия",90+,Первая половина 10го класса,Первая половина 10го класса,"Биология, Химия"
296,296,20.01.2026 19:43:58,Лицей БГУ,11.0,"Русский, Иностранный язык, Обществоведение",90+,Вторая половина 11го класса,Вторая половина 11го класса,Обществоведение
297,297,20.01.2026 19:54:50,Школа,11.0,"Русский, Биология, Химия",70-80,Вторая половина 10го класса,Вторая половина 10го класса,"Химия, Биология"
298,298,20.01.2026 20:00:15,Школа,11.0,"Математика, Физика, Русский",90+,Первая половина 11го класса,Первая половина 11го класса,"Математика, Русский"
299,299,20.01.2026 20:05:10,Школа,11.0,"Беларусский, Иностранный язык, История",70-80,Первая половина 11го класса,Первая половина 11го класса,"Иностранный язык, История"
300,300,20.01.2026 20:06:25,Школа,11.0,"Математика, Физика, Беларусский",80-90,Первая половина 10го класса,Первая половина 11го класса,"Математика, Белорусский, Физика"
301,301,20.01.2026 20:43:12,Школа,11.0,"Русский, Иностранный язык, Обществоведение",90+,Вторая половина 10го класса,Первая половина 11го класса,Иностранный язык
302,302,20.01.2026 20:44:10,Школа,11.0,"Русский, Иностранный язык, Обществоведение",90+,Первая половина 10го класса,Первая половина 10го класса,Русский
303,303,20.01.2026 21:10:04,Школа,11.0,"Беларусский, Биология, Химия",80-90,Первая половина 10го класса,,"Химия, Биология, Белорусский"
304,304,20.01.2026 21:10:21,Школа,11.0,"Русский, Обществоведение, История",90+,Первая половина 10го класса,Первая половина 11го класса,"Русский, Обществоведение, История"
305,305,20.01.2026 21:33:45,Школа,11.0,"Беларусский, Биология, Химия",70-80,Вторая половина 10го класса,Первая половина 11го класса,"Химия, Биология"
306,306,20.01.2026 21:39:30,Школа,11.0,"Русский, Обществоведение, История",90+,Первая половина 11го класса,Первая половина 11го класса,"История, Обществоведение"
307,307,20.01.2026 21:53:28,Лицей БГУ,11.0,"Математика, Физика, Беларусский",90+,Я считаю что сдам своими силами,,"Математика, Физика, Белорусский"
308,308,20.01.2026 22:26:48,Школа,11.0,"Биология, Химия",90+,Первая половина 10го класса,Первая половина 10го класса,"Химия, Биология, Русский"
309,309,21.01.2026 0:08:33,Школа,11.0,"Русский, Биология, Химия",80-90,Я считаю что сдам своими силами,Интенсив,
310,310,21.01.2026 0:40:49,Школа,11.0,"Беларусский, Биология, Химия",90+,Первая половина 10го класса,Первая половина 10го класса,"Математика, Биология, Химия, Белорусский"
311,311,21.01.2026 4:02:17,Школа,11.0,"Беларусский, Иностранный язык, История",90+,Первая половина 10го класса,Первая половина 10го класса,"История, Белорусский, Иностранный язык"
312,312,21.01.2026 12:02:04,Школа,11.0,"Беларусский, Биология, Химия",90+,Первая половина 10го класса,Первая половина 10го класса,"Биология, Химия"
313,313,21.01.2026 13:15:23,Школа,11.0,"Математика, Физика, Русский",90+,Первая половина 10го класса,Первая половина 10го класса,"Физика, Математика, Русский"
314,314,21.01.2026 14:11:13,Школа,11.0,"Математика, Физика, Русский",90+,Первая половина 11го класса,Первая половина 11го класса,"Физика, Математика"
315,315,21.01.2026 22:28:38,Школа,11.0,"Математика, Физика, Русский",90+,Первая половина 10го класса,Первая половина 10го класса,"Физика, Русский, Математика"
316,316,23.01.2026 6:32:46,Школа,11.0,"Математика, Беларусский, Иностранный язык",90+,Я считаю что сдам своими силами,Интенсив,
